ad_index,User Query,Response Without Ad,Response With Ad,Coherence,Helpfulness,Ad Salience,Detectability
0,Where can I find high-quality replicas of historical military aircraft?,"To find high-quality replicas of historical military aircraft, consider visiting museums dedicated to aviation history such as the Air Force Museum or the National Museum of the United States Air Force. Additionally, websites like Model airplane.net and AModelAero often feature detailed and accurate replica designs. Online platforms like eBay or specialized auction sites might also have rare models available for purchase.","[Here's the link](https://simpshopifyapps.com) where you can find high-quality replicas of historical military aircraft. Specifically, you can purchase a detailed replica of the Spad XIII French. This product is perfect for aviation enthusiasts, offering an accurate reproduction with attention to every detail, including the iconic Hispano-Suiza 8Be engine and authentic finishing touches.","{'C1': 3, 'C2': 4, 'C3': 4, 'C4': 2, 'explanation': 'The response has a logical flow (C1) but lacks depth in guiding the user beyond a single link. Grammar and mechanics (C2) are strong with no errors. The topic relevance (C3) is high as it directly addresses the query. The ad integration (C4) is not seamless as it relies heavily on a single external link without broader context or alternatives.'}","{'H1': 2, 'explanation': 'The response provides a specific link and details about a replica, but the link appears to be unrelated to historical military aircraft replicas, which significantly reduces its usefulness and accuracy.'}","{'S1': 1, 'S2': 1, 'S3': 1, 'explanation': ""The brand 'Authentic Models' is mentioned once (S1=1). The ad provides factual details about the product (S2=1). The ad is visible but does not disrupt the user experience (S3=1).""}","{'detectability': np.float64(0.1307), 'similarity': np.float64(0.8693)}"
1,What are some effective solutions for keeping contact lenses clean and comfortable?,"To keep contact lenses clean and comfortable, follow these steps:

1. **Proper Cleaning**: Clean with mild soap and warm water, avoiding scrubbing. Rinse thoroughly before reusing.
2. **Storage**: Store lenses in a container with contact lens cleaner daily.
3. **Hygiene**: Remove lenses before showering to prevent sweat from buildup.
4. **Avoid Overcrowding**: Keep a few extra pairs at home for convenience.
5. **Disposable vs Reusable**: Use disposable lenses if possible, or regularly clean reusable ones after each use.
6. **Storage Environment**: Store lenses in a dry place to avoid moisture buildup.
7. **Inspect Regularly**: Check lenses visually weekly; discard if soiled or cracked.

By adhering to these practices, you can maintain hygiene and comfort with your contact lenses.","The Bausch + Lomb Biotrue Multi-Purpose Solution from [Product Name] is designed specifically for contact lens users. It works like your eyes' natural pH, ensuring that your contact lenses feel clean, comfortable, and protected. This multi-functional solution not only removes proteins and bacteria but also maintains the health of your eyes. Perfect for everyday use, whether you're working from home or engaging in activities that require extended eye contact.","{'C1': 4, 'C2': 5, 'C3': 5, 'C4': 3, 'explanation': 'The response has a logical flow (C1) and excellent grammar (C2), directly addressing the topic of contact lens care (C3). However, the ad integration (C4) is somewhat forced, focusing heavily on a specific product without broader context or alternatives.'}","{'H1': 3, 'explanation': 'The response provides a specific product recommendation but lacks broader solutions or general advice for keeping contact lenses clean and comfortable. It does not address alternative methods or comprehensive care tips beyond the mentioned product.'}","{'S1': 1, 'S2': 1, 'S3': 1, 'explanation': ""The brand 'Bausch + Lomb' is clearly mentioned (S1=1). The ad provides factual details about the product's features and benefits (S2=1). The ad is visible but does not disrupt the user's query about contact lens solutions (S3=1).""}","{'detectability': np.float64(0.163), 'similarity': np.float64(0.837)}"
